{
    "r2_score_train": 0.9566287034643782,
    "rmse_train": 1.9192403453408715,
    "r2_score_test": 0.9370750879057184,
    "rmse_test": 2.4445251726505446
}
